IEEEPPG,HydraBoostGridSearchHoldout,TEST,0,MILLISECONDS,Generated by run_regression_experiment on 02/22/2025, 02:33:15
{'seed': 0, 'n_layers': 10, 'l2_reg': 0.6128911665194318, 'l2_ghat': 0.017913940192981297, 'boost_lr': 0.8141719128899533}
633.6591876385138,579068,2314,142,211824640,N/A,-1,-1
62.696,103.31396484375
60.206,98.0784683227539
59.055,95.12784576416016
59.389,90.97834014892578
59.659,102.09815979003906
59.389,106.71632385253906
59.863,109.31719970703125
60.554,110.2518539428711
62.574,109.13446044921875
67.797,103.29608154296875
71.174,102.89486694335938
74.586,105.22701263427734
76.357,97.42658233642578
76.879,108.34806823730469
75.503,113.20298767089844
73.62,118.2195816040039
70.093,124.91143798828125
65.299,120.76177215576172
61.91,120.89905548095703
59.727,123.37679290771484
61.475,123.34811401367188
66.007,122.50398254394531
71.174,116.76067352294922
73.529,109.17002868652344
73.21,106.1144790649414
63.83,104.78555297851562
72.894,103.25068664550781
74.668,104.594482421875
76.879,106.33892822265625
75.843,105.55018615722656
76.879,106.40874481201172
77.882,109.1436538696289
79.976,103.45294189453125
81.967,104.79412078857422
80.994,100.72284698486328
78.947,97.74842834472656
75.335,105.63597106933594
71.053,104.95449829101562
68.729,104.4747543334961
69.284,101.9989013671875
72.894,102.35750579833984
77.408,106.42306518554688
80.3,104.62130737304688
80.559,108.80717468261719
78.37,112.84293365478516
76.879,112.77618408203125
75.0,115.17977142333984
75.083,111.76614379882812
73.171,105.09046936035156
69.849,108.10948944091797
66.152,115.51362609863281
64.865,117.33712005615234
65.646,114.5870361328125
66.007,109.24918365478516
66.288,105.66905975341797
66.741,107.61581420898438
67.95,106.03194427490234
68.493,110.90463256835938
70.021,105.90380859375
71.174,101.6387939453125
74.176,103.41981506347656
77.559,95.9204330444336
77.945,96.50802612304688
78.782,98.84571838378906
80.043,102.6898193359375
83.519,101.10052490234375
85.714,107.72245788574219
81.61,105.93152618408203
75.843,109.07138061523438
68.886,104.42144775390625
66.445,100.02932739257812
66.593,98.409912109375
66.709,89.23095703125
63.559,92.87408447265625
61.538,87.38691711425781
61.475,93.72212219238281
63.291,93.36479187011719
65.147,94.16925048828125
68.65,94.04754638671875
70.423,92.26780700683594
73.61,93.04102325439453
75.758,91.45222473144531
70.588,94.42164611816406
67.189,95.54977416992188
61.26,98.32160186767578
60.345,96.87203979492188
61.404,99.99366760253906
62.057,108.14479064941406
66.445,111.73149108886719
71.885,112.33038330078125
74.834,109.14971923828125
74.917,106.9455795288086
72.894,106.28738403320312
72.202,98.89717102050781
74.668,99.87300872802734
76.844,104.62855529785156
79.318,100.99337768554688
81.699,99.90943908691406
82.69,101.86073303222656
81.818,99.36494445800781
78.782,98.94979858398438
77.081,106.7528076171875
74.917,108.09464263916016
74.176,110.04450988769531
72.894,113.87125396728516
72.993,106.757080078125
74.176,105.22017669677734
72.659,111.16033935546875
68.493,112.15044403076172
65.574,111.23858642578125
67.873,106.0244140625
71.77,97.58604431152344
70.671,96.00923919677734
69.804,98.08304595947266
67.568,99.56388854980469
71.732,103.56013488769531
75.673,103.81864929199219
80.645,106.25643920898438
84.364,105.4669418334961
88.443,109.64682006835938
88.235,111.84929656982422
87.822,113.62139892578125
86.117,111.72999572753906
84.702,106.99810028076172
85.131,108.13833618164062
85.131,104.26730346679688
86.009,104.40093994140625
89.577,107.26583862304688
92.308,110.93814086914062
95.44,110.68702697753906
98.485,108.70113372802734
100.897,104.03038024902344
101.925,105.24507141113281
100.0,108.98218536376953
96.266,107.90851593017578
93.458,110.50336456298828
91.931,102.65022277832031
92.975,101.9808349609375
94.439,104.36724090576172
95.819,102.10614013671875
94.394,104.09515380859375
90.361,99.13920593261719
70.239,106.14009094238281
69.686,109.94194030761719
69.686,106.64912414550781
68.493,106.1153793334961
66.288,105.2236328125
65.217,103.47801971435547
64.655,108.0345458984375
63.898,101.68699645996094
64.725,97.65118408203125
64.417,92.05961608886719
64.655,87.75996398925781
64.378,88.9051513671875
63.158,87.29585266113281
63.025,88.48260498046875
62.176,87.90261840820312
61.692,91.1253662109375
61.692,88.89434051513672
61.837,94.16699981689453
62.5,96.74118041992188
61.547,101.09757995605469
60.834,107.34676361083984
60.624,108.17066955566406
61.547,106.69821166992188
62.278,100.39697265625
64.935,94.76119232177734
66.298,98.09407043457031
68.337,111.23831176757812
70.903,110.7070541381836
71.942,119.40603637695312
71.259,119.75384521484375
69.804,110.76264190673828
67.568,105.551025390625
67.72,107.8625717163086
67.189,111.83104705810547
68.571,117.24301147460938
69.284,114.982177734375
70.755,112.10490417480469
70.829,108.04737854003906
70.34,112.58485412597656
69.686,113.05342102050781
69.364,113.76190948486328
69.444,111.22425842285156
69.767,105.1865234375
70.755,105.5807113647461
71.174,102.02044677734375
71.58,104.0032958984375
70.903,105.16165161132812
69.204,105.81367492675781
67.95,110.64910888671875
66.288,105.78160858154297
65.646,103.3056869506836
65.431,101.17198181152344
65.217,91.44035339355469
66.54,90.35992431640625
68.027,87.3115463256836
68.729,92.15277862548828
69.124,102.46631622314453
68.32,106.59453582763672
67.72,110.1252670288086
67.039,112.86131286621094
67.644,112.01876831054688
67.222,113.17916870117188
68.027,108.481201171875
69.124,102.7918701171875
71.203,102.2413101196289
74.534,102.81848907470703
75.251,105.3036117553711
74.668,104.61622619628906
73.932,102.99714660644531
73.21,99.04894256591797
74.586,104.99516296386719
75.335,108.58613586425781
76.099,120.95049285888672
75.167,120.01927185058594
73.37,118.76890563964844
72.347,114.83393096923828
72.894,109.56694793701172
74.339,114.46211242675781
77.408,117.03709411621094
79.365,117.82816314697266
80.453,117.08218383789062
81.081,109.98970794677734
81.699,100.26863861083984
82.117,100.06432342529297
81.967,105.94403839111328
80.906,107.95381164550781
79.505,109.80168914794922
78.616,105.15066528320312
78.782,103.66094970703125
81.522,104.48472595214844
84.356,102.34135437011719
88.901,104.58479309082031
92.593,105.23072814941406
94.828,105.13534545898438
95.376,111.33091735839844
95.339,110.00894927978516
95.745,111.05908203125
96.878,115.36577606201172
98.485,115.56819915771484
100.446,120.49481201171875
101.237,123.07965850830078
100.932,122.79680633544922
99.448,122.26666259765625
97.614,118.21591186523438
95.541,117.46562194824219
93.644,119.71275329589844
92.282,125.38961791992188
92.282,121.6789779663086
91.667,116.80302429199219
90.959,111.54443359375
89.967,114.57014465332031
89.577,112.00926971435547
89.674,114.16017150878906
90.361,115.15121459960938
90.859,110.47676086425781
90.659,111.01573944091797
90.759,110.36111450195312
89.967,108.86565399169922
88.424,109.56267547607422
86.934,111.97657775878906
85.759,110.65074157714844
85.492,108.42180633544922
85.714,108.56350708007812
84.938,114.40367889404297
83.612,114.22046661376953
81.13,117.53227233886719
79.114,112.28115844726562
77.24,106.02239227294922
76.444,106.03466796875
76.609,101.67353820800781
75.928,96.05892181396484
75.843,100.99005126953125
75.928,105.80892944335938
75.588,113.00682067871094
76.185,117.11772155761719
76.444,122.95258331298828
76.271,118.41460418701172
76.923,120.44955444335938
77.765,122.3438720703125
79.693,134.78805541992188
82.057,136.5933074951172
82.873,140.16714477539062
84.356,147.7174530029297
85.67,142.13385009765625
86.605,139.66795349121094
87.209,136.32215881347656
85.616,122.17994689941406
85.616,111.56840515136719
87.766,112.88401794433594
90.461,116.54132080078125
94.142,118.35074615478516
96.567,118.46504211425781
98.684,118.2696762084961
100.206,122.64466094970703
102.506,128.84085083007812
106.094,130.107666015625
109.261,130.48345947265625
113.147,131.0888671875
115.031,135.17245483398438
116.46,134.94464111328125
117.801,137.74913024902344
119.048,136.599365234375
120.579,132.44590759277344
122.15,132.6442413330078
125.139,132.3037567138672
125.418,138.9333038330078
125.654,135.5538787841797
125.786,132.8331756591797
125.523,119.44854736328125
124.74,116.33653259277344
124.585,117.17603302001953
124.723,119.22711181640625
123.967,117.2502670288086
124.74,118.2850570678711
125.13,114.8036880493164
125.261,113.97403717041016
125.98,120.9238510131836
126.716,122.26457977294922
127.389,122.77828979492188
128.342,124.27336883544922
129.837,126.40196228027344
131.723,127.88327026367188
133.929,138.05459594726562
135.494,133.36599731445312
137.392,134.22866821289062
138.32,129.446044921875
139.344,132.815185546875
140.187,138.7977294921875
140.625,136.00521850585938
140.728,134.32540893554688
140.625,125.7813720703125
140.479,125.81474304199219
140.264,125.25137329101562
140.187,125.62446594238281
140.625,126.2368392944336
141.509,125.30904388427734
142.458,127.56983184814453
143.312,125.5700912475586
143.464,127.72154998779297
143.923,129.1039276123047
144.077,131.9753875732422
144.67,131.7849578857422
145.161,126.00772857666016
145.318,121.16017150878906
145.474,117.86518859863281
145.161,121.12089538574219
144.231,121.09269714355469
142.857,123.31362915039062
141.361,121.07731628417969
140.187,120.7392349243164
139.497,123.58641052246094
139.175,131.0745086669922
138.604,137.18971252441406
138.137,143.86647033691406
138.037,137.5718536376953
137.689,138.83554077148438
138.137,139.01693725585938
138.889,149.19375610351562
139.344,163.03076171875
139.319,165.03216552734375
138.436,161.70704650878906
134.921,147.61195373535156
131.173,135.63636779785156
128.068,124.24002075195312
126.183,132.9965362548828
125.0,144.9497833251953
124.447,151.90017700195312
122.283,156.77786254882812
120.838,155.3540802001953
120.192,145.2218780517578
120.192,137.5700225830078
120.064,133.68797302246094
119.681,133.86021423339844
119.681,137.39125061035156
117.801,133.07122802734375
115.622,127.16421508789062
115.86,117.02061462402344
117.925,114.97972869873047
122.283,120.78841400146484
129.442,125.20449829101562
130.011,125.6552963256836
131.308,123.67160034179688
132.813,127.63092803955078
134.778,127.03394317626953
136.803,132.1056365966797
139.65,139.88291931152344
141.956,141.75921630859375
144.54,149.14157104492188
146.454,144.24705505371094
147.516,135.42372131347656
147.668,131.9291229248047
146.907,123.99263000488281
146.605,129.01612854003906
145.318,127.3316879272461
143.923,129.01870727539062
142.255,123.45594787597656
140.419,127.51512145996094
139.175,128.3909149169922
139.319,126.9928207397461
139.65,126.2810287475586
140.772,117.05815124511719
141.807,118.02367401123047
142.405,117.01972198486328
143.008,125.16619110107422
144.231,132.2416534423828
145.161,129.7159881591797
144.231,128.0419921875
143.216,121.88232421875
141.956,126.17510223388672
140.625,125.01629638671875
140.041,125.89947509765625
139.04,125.67598724365234
137.195,124.76634216308594
134.636,121.12100219726562
132.743,115.68268585205078
130.502,114.48409271240234
127.932,111.92042541503906
125.654,114.46853637695312
123.33,113.27693939208984
120.321,117.7728271484375
118.644,119.8463134765625
110.544,108.78961181640625
109.551,108.68451690673828
110.063,109.44139099121094
110.169,108.80879974365234
109.375,107.24127960205078
108.583,107.99130249023438
107.973,104.59671020507812
111.465,117.8375015258789
117.925,141.25074768066406
123.22,159.566650390625
129.705,181.55328369140625
130.769,188.63442993164062
131.148,176.05679321289062
131.443,162.68222045898438
131.291,142.02783203125
132.674,127.33293151855469
134.778,129.70579528808594
138.286,139.83804321289062
142.857,160.3322296142578
147.059,179.54615783691406
149.842,174.1965789794922
152.244,157.2718048095703
154.004,135.5618438720703
156.25,119.78443145751953
158.73,129.91995239257812
160.944,136.11215209960938
162.69,146.48709106445312
163.721,149.44065856933594
164.294,155.3031463623047
164.749,167.25958251953125
165.268,167.74195861816406
165.094,173.011962890625
164.921,168.5159912109375
164.474,164.93136596679688
163.934,158.86253356933594
163.892,157.28318786621094
163.043,144.07571411132812
159.218,140.09791564941406
160.878,152.81387329101562
160.428,168.36386108398438
160.55,178.01510620117188
160.428,179.86651611328125
159.915,169.06350708007812
159.574,154.34365844726562
159.753,145.30319213867188
160.944,145.27471923828125
162.707,137.2841339111328
164.474,130.88720703125
166.139,122.50666046142578
167.173,122.94964599609375
168.269,123.00654602050781
168.269,123.65798950195312
168.196,125.93817138671875
168.269,128.9581756591797
168.449,129.64480590820312
168.81,127.20318603515625
169.492,116.03205871582031
169.231,113.82243347167969
168.63,115.32201385498047
167.553,118.99244689941406
166.667,125.39032745361328
166.139,127.60933685302734
165.268,129.07749938964844
164.921,125.87588500976562
163.892,125.5893325805664
162.707,124.11195373535156
161.208,120.73810577392578
160.256,115.00077819824219
159.736,114.03575134277344
158.395,114.11164855957031
156.74,117.37980651855469
155.119,121.25086975097656
153.888,124.49476623535156
153.888,134.82994079589844
153.722,136.71047973632812
153.391,136.51673889160156
153.374,137.59811401367188
153.846,136.21786499023438
154.799,130.5927276611328
159.067,128.1059112548828
158.061,122.73887634277344
159.405,118.38702392578125
160.772,117.3399429321289
161.373,118.59602355957031
161.987,120.73348236083984
161.538,121.38650512695312
160.085,123.7012710571289
158.395,120.35408782958984
156.904,117.9876708984375
156.413,114.12811279296875
156.25,114.55699157714844
154.639,113.50956726074219
151.822,122.68770599365234
149.007,118.92814636230469
147.864,118.19404602050781
149.059,116.78551483154297
151.113,111.39897918701172
153.226,112.22023010253906
155.06,113.53644561767578
156.079,117.95559692382812
156.576,114.36479949951172
155.925,111.51657104492188
155.119,109.17670440673828
154.799,103.4344482421875
154.555,105.97344970703125
156.413,108.96256256103516
155.908,108.97920227050781
156.079,113.86427307128906
156.422,127.20650482177734
156.079,131.5990753173828
154.891,133.96580505371094
154.054,129.21438598632812
154.799,121.97785949707031
156.576,124.80733489990234
159.091,131.16165161132812
161.117,134.2099609375
161.464,135.34478759765625
161.208,139.0070343017578
161.29,140.28152465820312
161.704,143.22193908691406
162.707,146.11221313476562
163.892,134.3571014404297
164.749,134.15716552734375
165.789,130.189453125
166.667,128.8968963623047
167.375,127.92903137207031
167.732,129.11277770996094
167.732,127.37552642822266
167.343,126.71534729003906
167.02,125.26835632324219
167.02,125.34788513183594
167.197,128.0403594970703
168.09,125.48109436035156
168.539,121.24564361572266
168.63,115.1907958984375
168.712,114.26945495605469
168.991,116.40779876708984
169.355,116.3780517578125
169.928,126.1103286743164
171.162,131.4268341064453
172.234,135.06480407714844
172.775,139.73275756835938
172.414,132.7510528564453
171.518,128.86517333984375
170.824,128.2606201171875
170.455,133.3165283203125
170.279,138.700439453125
169.903,142.581298828125
169.579,140.0399932861328
169.057,133.98779296875
168.919,129.42066955566406
168.63,122.5727310180664
101.036,135.30470275878906
101.58,140.4092559814453
101.987,144.91494750976562
102.389,143.92431640625
109.428,144.82418823242188
113.391,137.04928588867188
116.796,132.49887084960938
119.427,120.28276062011719
122.449,118.35649108886719
124.481,106.10035705566406
125.0,108.79521179199219
124.224,113.46258544921875
122.683,112.02590942382812
121.753,118.18891906738281
121.885,120.28800964355469
119.808,119.79098510742188
117.066,120.02252960205078
115.005,116.3726806640625
114.629,114.2486572265625
116.796,125.01258850097656
117.318,136.102294921875
112.839,139.97262573242188
109.261,143.8496551513672
106.816,146.0609130859375
107.143,154.22982788085938
110.294,166.3028106689453
112.299,164.9187774658203
114.007,163.06100463867188
115.385,142.70643615722656
118.048,141.6968231201172
118.172,148.0696563720703
118.297,150.9626007080078
118.297,150.1503448486328
118.172,150.73568725585938
120.321,140.9887237548828
122.416,146.95484924316406
122.951,150.67454528808594
126.05,148.43051147460938
128.48,150.73968505859375
131.715,140.52029418945312
135.064,138.67010498046875
139.65,126.75240325927734
143.617,122.91171264648438
147.219,122.20721435546875
147.975,121.21712493896484
147.363,123.77764129638672
145.26,118.20265197753906
143.16,117.21141815185547
142.105,119.71479797363281
141.956,126.97450256347656
142.105,132.90606689453125
142.706,141.17428588867188
140.772,142.2257537841797
138.587,144.10189819335938
134.778,149.24972534179688
131.988,144.1728515625
131.148,139.43870544433594
129.705,133.1959686279297
129.032,131.4583740234375
126.547,127.70890045166016
123.839,126.91822814941406
123.355,131.08482360839844
124.172,134.4717254638672
126.984,140.91668701171875
129.59,143.07266235351562
131.579,143.04269409179688
133.788,141.6471405029297
136.803,131.8331756591797
139.175,124.45795440673828
139.956,125.63807678222656
139.463,125.61962127685547
139.175,119.83374786376953
138.436,119.46247863769531
137.475,116.10455322265625
135.783,116.96192932128906
133.779,113.41639709472656
132.813,123.4094467163086
130.577,132.0157928466797
126.716,133.4822235107422
122.2,134.48976135253906
117.555,121.40436553955078
116.701,111.26416778564453
118.297,116.87017822265625
114.88,115.33551025390625
110.169,123.8041763305664
106.674,136.59024047851562
105.292,138.8109893798828
107.735,142.54226684570312
110.876,143.7198486328125
112.903,142.5791778564453
114.13,148.70669555664062
113.759,158.15126037597656
111.702,159.5703125
110.643,156.23678588867188
110.294,149.99874877929688
107.497,136.89230346679688
106.441,128.95516967773438
105.178,126.49993133544922
105.386,125.95448303222656
105.978,122.9704360961914
105.634,117.11868286132812
112.179,126.02364349365234
115.639,126.6156234741211
118.922,126.6583023071289
122.574,127.49626922607422
124.352,132.12269592285156
125.261,134.15594482421875
125.523,127.9303970336914
124.861,125.285888671875
124.861,122.23821258544922
125.261,118.95195007324219
125.786,118.37229919433594
126.449,110.21821594238281
126.05,109.13423156738281
125.139,109.22666931152344
123.355,112.42549133300781
121.49,115.75354766845703
120.064,116.65492248535156
119.808,118.38072967529297
120.838,116.19206237792969
122.699,121.01806640625
124.87,120.18940734863281
126.984,122.4792251586914
128.788,122.49122619628906
129.31,128.51571655273438
128.617,130.92625427246094
127.389,131.504150390625
125.558,131.58612060546875
124.309,124.38850402832031
123.584,119.88273620605469
123.33,114.79609680175781
123.711,115.63883209228516
124.585,117.6981201171875
125.698,125.42691040039062
127.389,125.44013977050781
129.45,129.5621795654297
131.715,129.5756072998047
133.788,134.7332305908203
135.638,136.40248107910156
136.95,142.0549774169922
138.436,140.9935760498047
139.752,142.83053588867188
141.361,138.6759033203125
142.405,134.73516845703125
143.008,133.6974639892578
142.857,134.73098754882812
141.956,133.80177307128906
141.509,139.3948211669922
140.919,141.14413452148438
141.509,139.5121307373047
142.105,137.96485900878906
142.255,135.4647674560547
142.105,134.5009307861328
141.658,137.19151306152344
141.509,132.10372924804688
141.807,132.67172241210938
141.807,134.1055450439453
141.066,130.9657745361328
139.65,128.96533203125
138.604,128.8626251220703
138.587,128.31454467773438
139.04,123.39366149902344
139.896,128.56582641601562
140.479,128.17124938964844
140.573,130.68844604492188
141.213,125.64151000976562
141.509,123.18167114257812
141.824,119.37254333496094
141.807,122.07215881347656
141.361,120.86388397216797
140.419,123.08087921142578
139.607,117.01190948486328
139.032,118.93778991699219
138.436,120.56427001953125
138.037,122.6034927368164
137.392,127.5302963256836
137.097,129.71978759765625
137.335,128.79629516601562
137.987,129.23907470703125
138.462,129.8493194580078
138.746,129.0158233642578
138.436,128.7172393798828
138.32,130.49830627441406
138.587,130.436279296875
138.738,134.04344177246094
138.462,138.5311279296875
137.392,133.7586669921875
135.783,133.30548095703125
133.929,126.31729125976562
133.038,126.11119079589844
133.09,124.8702163696289
133.038,127.19551849365234
131.988,131.7185516357422
131.579,140.38278198242188
131.291,145.63333129882812
131.851,146.17343139648438
132.013,140.18490600585938
131.579,127.38213348388672
131.443,121.91390228271484
131.004,122.40068054199219
130.368,126.38824462890625
130.577,129.7247772216797
130.577,135.2586669921875
130.235,134.52532958984375
130.011,135.93772888183594
131.004,131.82252502441406
132.261,131.88894653320312
135.207,132.00111389160156
135.928,129.5581512451172
139.65,127.75010681152344
141.956,125.05120086669922
143.16,122.77725219726562
143.008,123.30879974365234
141.361,121.67398071289062
139.319,122.48776245117188
138.286,128.89195251464844
138.604,133.06512451171875
140.187,151.85755920410156
141.353,160.6403045654297
142.105,169.40220642089844
142.706,175.51954650878906
142.105,166.20970153808594
141.361,163.561767578125
140.187,164.5231170654297
139.192,163.35980224609375
137.987,166.91921997070312
137.475,154.80075073242188
136.656,150.82809448242188
136.073,142.755859375
135.287,135.78370666503906
133.929,137.10707092285156
132.399,126.19376373291016
130.862,120.82707977294922
130.102,118.17524719238281
130.862,122.85533142089844
131.868,121.95249938964844
134.494,122.69825744628906
137.54,123.08554077148438
139.607,129.15065002441406
141.956,131.5108184814453
144.077,136.14004516601562
145.318,132.58338928222656
145.946,128.23484802246094
146.004,125.16759490966797
145.855,127.1414794921875
145.706,129.3259735107422
145.318,129.27688598632812
144.695,124.08214569091797
144.385,124.65094757080078
144.695,129.3938751220703
144.817,130.43270874023438
144.67,132.6189727783203
144.231,136.16110229492188
142.706,129.35508728027344
140.919,128.4089813232422
139.65,137.26600646972656
139.032,137.79339599609375
139.463,143.59027099609375
72.816,99.32304382324219
73.35,102.18185424804688
73.171,100.2708969116211
70.021,96.07614135742188
67.873,97.38202667236328
67.114,99.02178955078125
64.655,99.95149230957031
64.655,99.75363159179688
66.225,98.61917114257812
66.815,93.9938735961914
68.259,91.36544799804688
67.265,98.66572570800781
66.225,105.51033020019531
66.964,111.90682220458984
68.729,114.51823425292969
73.37,111.19784545898438
77.408,105.326904296875
79.693,108.3269271850586
80.3,111.02825164794922
79.618,113.87380981445312
79.505,115.9478530883789
81.13,120.7112045288086
81.61,120.19645690917969
80.935,117.36788940429688
80.128,116.51518249511719
78.864,113.81372833251953
78.306,115.8558120727539
77.143,117.57820129394531
75.503,114.09164428710938
72.659,116.94320678710938
71.885,117.17459106445312
71.174,115.49263000488281
70.829,114.27597045898438
71.09,111.8127212524414
72.038,105.96690368652344
73.052,113.7549819946289
75.503,121.3251724243164
79.197,125.02986145019531
84.459,130.75912475585938
88.424,125.69609832763672
90.361,117.73326873779297
89.577,112.11083221435547
88.235,110.93574523925781
85.421,107.13983917236328
84.555,112.38606262207031
86.207,117.1673583984375
88.424,117.65937805175781
91.362,122.95277404785156
94.044,123.70809173583984
95.037,119.25193786621094
95.238,121.12493896484375
95.486,117.26419830322266
97.087,114.21463775634766
99.01,114.64259338378906
101.457,112.65128326416016
102.416,112.74929809570312
102.389,112.66197204589844
102.308,113.23367309570312
100.223,111.4002914428711
99.01,115.276611328125
99.287,114.34405517578125
99.778,121.10961151123047
102.957,118.28026580810547
105.292,117.29967498779297
106.209,114.66990661621094
105.405,117.46561431884766
102.273,117.91043090820312
100.206,119.58927154541016
98.468,121.52436828613281
96.878,118.98099517822266
95.745,122.97228240966797
90.859,120.03929901123047
88.047,119.81562042236328
87.302,114.6719970703125
88.614,113.47710418701172
90.066,117.001220703125
89.093,122.42440795898438
88.71,131.6504364013672
88.424,133.3037872314453
91.565,138.05941772460938
95.156,135.21804809570312
95.93,128.63572692871094
96.257,126.33047485351562
94.394,115.54945373535156
90.859,112.60234069824219
87.58,119.31777954101562
83.987,119.02574157714844
83.841,121.25718688964844
80.043,121.74866485595703
76.271,116.72183990478516
71.856,111.17152404785156
68.493,111.62533569335938
76.531,109.20030212402344
86.207,114.37643432617188
93.361,122.60088348388672
99.119,123.59130096435547
100.412,129.75148010253906
97.933,135.16329956054688
96.463,136.35594177246094
96.878,140.6685028076172
98.253,135.64710998535156
100.784,124.36036682128906
101.925,124.67022705078125
101.668,117.61207580566406
100.111,119.74642944335938
98.576,119.84815216064453
98.286,117.85310363769531
99.668,116.82125854492188
103.175,116.99520111083984
105.863,119.9183349609375
108.454,126.92182922363281
108.696,131.3356170654297
108.093,135.95675659179688
107.362,134.707763671875
106.557,128.08993530273438
106.908,124.3160171508789
106.791,125.98493957519531
106.557,121.37176513671875
105.748,118.63648223876953
105.292,117.6449203491211
105.634,112.15965270996094
106.791,110.07244873046875
109.948,108.45953369140625
111.94,117.2318115234375
112.847,121.32978057861328
112.299,126.24357604980469
111.94,133.5010223388672
112.661,133.2889404296875
114.379,136.8294677734375
116.339,138.23045349121094
117.188,135.70254516601562
116.796,136.61465454101562
115.031,141.2751922607422
119.554,146.43333435058594
123.626,145.68490600585938
125.558,141.71945190429688
126.263,145.90318298339844
125.523,135.05125427246094
124.352,142.62518310546875
123.077,145.40567016601562
121.581,142.8621368408203
120.064,148.5812225341797
119.554,139.3776397705078
118.51,138.90402221679688
118.11,138.25857543945312
118.644,129.89883422851562
120.064,127.93274688720703
122.324,126.74943542480469
123.967,133.6330108642578
125.558,132.9961700439453
126.984,137.642578125
128.48,139.16360473632812
130.435,138.75672912597656
132.951,139.53419494628906
135.783,135.84788513183594
137.392,131.2914276123047
139.175,130.14920043945312
140.919,125.94173431396484
142.857,126.12397003173828
144.523,124.7750015258789
145.788,135.76026916503906
146.58,140.29534912109375
146.421,141.63485717773438
145.946,137.07664489746094
145.26,133.04934692382812
144.817,136.23028564453125
144.54,136.92440795898438
144.54,145.28488159179688
144.231,144.22288513183594
144.077,138.9038848876953
143.77,137.1824951171875
143.464,136.1779327392578
143.617,135.5239715576172
143.312,129.85333251953125
142.706,128.68922424316406
141.658,123.76774597167969
140.333,124.49610900878906
139.752,125.47116088867188
139.192,126.11575317382812
139.319,126.08447265625
138.738,124.291015625
137.392,122.37762451171875
137.056,124.65283203125
137.244,122.8307113647461
139.032,131.19676208496094
141.066,145.33023071289062
142.405,148.66690063476562
143.312,155.79104614257812
143.464,149.339111328125
143.923,154.38754272460938
144.077,159.60910034179688
144.817,169.6072998046875
145.112,169.06593322753906
144.695,162.7292022705078
143.464,147.78988647460938
141.956,138.0187530517578
141.353,134.89866638183594
141.658,132.17999267578125
141.066,130.54563903808594
140.728,127.2991943359375
140.333,129.41213989257812
139.752,131.5222930908203
139.65,130.4210968017578
139.65,131.36520385742188
140.041,131.1876220703125
139.497,128.994384765625
138.746,125.31826782226562
137.244,128.07992553710938
136.218,128.83340454101562
136.089,127.51832580566406
136.656,134.33985900878906
138.178,126.05206298828125
139.896,122.48828125
142.255,134.02281188964844
144.385,136.7852020263672
147.059,142.26214599609375
149.528,145.56365966796875
151.274,136.12527465820312
150.167,133.37167358398438
146.739,128.11061096191406
143.16,120.13803100585938
141.213,112.9763412475586
142.105,107.55076599121094
144.385,108.45488739013672
146.421,114.19463348388672
146.899,117.32728576660156
146.454,117.33783721923828
145.855,118.71221160888672
145.557,114.68942260742188
145.557,110.24539184570312
145.788,109.45244598388672
145.788,107.1422119140625
145.631,111.381103515625
144.385,117.69742584228516
142.405,119.7703857421875
139.752,122.35556030273438
137.615,126.88370513916016
136.803,128.59381103515625
138.32,134.0242919921875
140.919,134.18609619140625
143.77,134.13494873046875
146.304,136.40060424804688
148.592,133.8704833984375
150.794,136.33978271484375
152.57,137.89035034179688
154.221,133.82012939453125
155.925,139.0894317626953
157.729,141.2294921875
158.395,143.3148193359375
159.236,151.7613983154297
159.067,146.6068115234375
158.228,147.52322387695312
158.228,149.0973358154297
158.061,141.15855407714844
159.067,142.66358947753906
159.915,140.83387756347656
160.387,130.34896850585938
160.6,134.73843383789062
160.428,139.1171417236328
160.714,143.29327392578125
160.944,137.4388427734375
161.704,137.37478637695312
162.371,129.05935668945312
163.551,119.9545669555664
164.749,125.70621490478516
165.615,125.1620101928711
165.441,132.98216247558594
164.577,138.5215301513672
163.892,137.73439025878906
163.551,137.7022247314453
163.892,124.8457260131836
164.577,123.81858825683594
164.921,138.7410125732422
165.268,145.33169555664062
129.705,154.83567810058594
127.389,142.63836669921875
128.894,138.74676513671875
130.635,120.95205688476562
133.185,133.35133361816406
135.638,141.20458984375
137.195,147.34347534179688
137.689,143.54718017578125
136.778,134.16416931152344
135.35,123.12870788574219
133.929,127.20175170898438
133.09,131.67828369140625
132.304,136.57659912109375
131.851,131.727783203125
131.308,126.64007568359375
130.862,124.81834411621094
129.837,124.2050552368164
128.617,123.82209014892578
127.253,123.09552764892578
125.918,120.19709777832031
125.278,121.86243438720703
125.392,121.38612365722656
125.523,119.72335815429688
125.0,116.58087921142578
123.457,112.90913391113281
122.017,117.35832214355469
121.622,119.76165771484375
121.098,123.3344955444336
120.708,122.4094009399414
119.681,120.29998016357422
118.297,115.50508117675781
118.172,114.14421844482422
118.796,116.951416015625
120.708,119.48953247070312
122.549,114.8351821899414
124.861,117.24200439453125
127.524,119.44747924804688
129.87,127.04153442382812
131.851,131.2177276611328
133.09,137.4527587890625
133.929,143.8472137451172
133.368,140.3400421142578
132.304,143.87234497070312
130.235,143.76466369628906
127.66,139.63734436035156
125.392,131.1641082763672
123.457,128.1302032470703
122.283,127.07675170898438
121.49,125.1996841430664
121.228,128.28749084472656
120.579,130.176513671875
120.192,128.70126342773438
120.321,133.15782165527344
120.708,133.89389038085938
121.622,143.1888885498047
122.15,145.03472900390625
122.283,143.32595825195312
122.283,136.57455444335938
121.622,131.40283203125
120.579,130.857177734375
120.064,134.4829864501953
119.936,140.317138671875
119.554,144.6937255859375
118.546,141.86093139648438
117.678,137.9824676513672
117.555,135.43032836914062
118.048,130.9930419921875
117.801,132.7059326171875
116.701,128.7235870361328
115.385,126.50194549560547
113.147,126.22989654541016
112.903,122.22515869140625
113.269,117.59283447265625
113.025,121.41914367675781
113.759,128.09674072265625
113.636,133.2306671142578
114.13,139.3271484375
115.894,140.36610412597656
117.432,144.69705200195312
119.183,140.83224487304688
119.808,137.3606414794922
121.228,134.91018676757812
122.549,133.24301147460938
123.584,130.78407287597656
124.224,129.81695556640625
124.095,127.47602081298828
123.967,132.1553192138672
123.762,138.3484344482422
123.491,138.62039184570312
123.491,140.3653106689453
123.899,140.8979949951172
125.523,145.21182250976562
127.932,149.0953826904297
129.969,154.3277130126953
132.304,150.76272583007812
134.921,155.9483642578125
136.95,159.4984588623047
140.11,153.98446655273438
142.555,153.6328125
144.695,149.0181121826172
146.262,142.40643310546875
146.756,140.64349365234375
146.605,137.5315399169922
146.454,131.8706512451172
145.946,130.2415008544922
144.85,127.03045654296875
142.857,130.8610076904297
140.573,133.87188720703125
138.137,136.00146484375
136.803,141.32394409179688
135.928,144.46974182128906
135.678,146.65675354003906
135.638,140.8535614013672
135.815,141.49974060058594
135.638,136.71714782714844
134.831,133.37342834472656
133.648,127.17066955566406
132.89,125.90129852294922
132.674,124.7554702758789
133.185,127.31293487548828
133.648,132.314453125
86.934,93.66777038574219
88.997,91.9796142578125
90.263,95.213134765625
90.759,98.95294189453125
90.959,101.09556579589844
91.06,106.02265930175781
91.261,105.59111022949219
91.667,110.02123260498047
91.769,112.05238342285156
91.463,111.3736801147461
90.659,112.13272857666016
90.263,106.07138061523438
90.461,109.28397369384766
91.16,104.06101989746094
92.076,99.50997161865234
92.489,104.46356201171875
92.489,105.77574920654297
92.282,109.9850082397461
92.308,114.20629119873047
92.497,116.50576782226562
92.688,114.7042236328125
92.497,110.89635467529297
91.871,108.24014282226562
90.959,107.71995544433594
90.164,107.96940612792969
89.869,112.91206359863281
90.263,105.16452026367188
90.164,101.24378967285156
90.066,99.94828796386719
88.901,102.82723999023438
87.302,106.85497283935547
85.911,109.72443389892578
85.034,110.7651596069336
84.27,109.92652130126953
83.799,116.99152374267578
83.671,116.2694091796875
83.333,113.94132995605469
83.056,108.98330688476562
82.873,103.4562759399414
83.056,106.59906005859375
83.333,106.38652801513672
83.987,113.79637145996094
84.081,112.44747924804688
83.893,111.3738784790039
84.012,112.10694122314453
84.442,111.02227020263672
85.227,109.77342987060547
85.911,110.42224884033203
85.812,109.54286193847656
84.938,106.68522644042969
84.356,107.96343231201172
84.356,103.73509979248047
85.848,101.43618774414062
87.108,105.86442565917969
88.235,100.77068328857422
87.413,98.6390151977539
85.616,105.56251525878906
84.364,105.49470520019531
84.184,105.7516098022461
84.364,110.09190368652344
85.519,108.00753784179688
85.812,116.69927215576172
86.906,119.78807067871094
86.569,123.14960479736328
84.964,119.4082260131836
83.241,114.00119018554688
81.61,108.76980590820312
81.257,105.15669250488281
81.433,104.98760986328125
81.788,102.95321655273438
81.433,98.8958511352539
80.645,92.36619567871094
80.262,98.05038452148438
79.957,103.47420501708984
80.043,110.22279357910156
80.453,116.57452392578125
80.994,116.71139526367188
82.237,108.57041931152344
83.149,106.16165161132812
84.012,102.53424072265625
84.555,96.63699340820312
84.842,101.39610290527344
84.175,98.75601196289062
83.426,90.68128967285156
82.69,97.23597717285156
81.967,80.95938873291016
81.788,89.76312255859375
82.508,96.51488494873047
83.756,100.44294738769531
85.759,100.0301513671875
87.311,98.71249389648438
86.505,89.54061126708984
84.555,86.02884674072266
82.508,87.27499389648438
81.522,89.63215637207031
81.967,88.74874114990234
82.317,87.64961242675781
83.241,87.74510192871094
83.927,90.24615478515625
85.052,91.37873077392578
