IEEEPPG,HydraEnsemble_OH,TEST,0,MILLISECONDS,Generated by run_regression_experiment on 02/27/2025, 10:21:29
{'seed': 0, 'n_estimators': 10, 'l2_reg': 0.10007385532741787}
708.5542678023882,478310,1835,144,20840448,N/A,-1,-1
62.696,110.7959976196289
60.206,105.21759033203125
59.055,102.86235046386719
59.389,99.6846694946289
59.659,109.31394958496094
59.389,114.228759765625
59.863,116.11690521240234
60.554,116.4038314819336
62.574,114.14047241210938
67.797,109.2544174194336
71.174,108.1963119506836
74.586,109.9997787475586
76.357,105.07682800292969
76.879,114.91627502441406
75.503,119.43054962158203
73.62,122.48070526123047
70.093,130.97125244140625
65.299,126.97370147705078
61.91,128.18545532226562
59.727,130.6953125
61.475,129.98428344726562
66.007,129.14254760742188
71.174,120.84684753417969
73.529,115.02651977539062
73.21,113.28732299804688
63.83,111.8031005859375
72.894,112.1224594116211
74.668,112.4960708618164
76.879,112.7880859375
75.843,111.76103210449219
76.879,112.99665832519531
77.882,115.37457275390625
79.976,111.30070495605469
81.967,112.34142303466797
80.994,108.07156372070312
78.947,102.16617584228516
75.335,110.31846618652344
71.053,111.89602661132812
68.729,110.75355529785156
69.284,107.83760070800781
72.894,107.93438720703125
77.408,112.06240844726562
80.3,110.591552734375
80.559,115.33541107177734
78.37,118.85295104980469
76.879,119.17282104492188
75.0,122.38593292236328
75.083,120.2673110961914
73.171,114.0445327758789
69.849,115.80552673339844
66.152,122.21662902832031
64.865,123.957763671875
65.646,121.60398864746094
66.007,117.651123046875
66.288,113.26876831054688
66.741,115.48959350585938
67.95,112.22978210449219
68.493,118.38851165771484
70.021,114.23709106445312
71.174,110.2720718383789
74.176,111.33041381835938
77.559,104.3531723022461
77.945,102.94734191894531
78.782,104.6588363647461
80.043,108.08613586425781
83.519,107.59346771240234
85.714,114.82853698730469
81.61,113.25608825683594
75.843,116.01657104492188
68.886,112.0673599243164
66.445,108.25048828125
66.593,105.18988800048828
66.709,95.5096206665039
63.559,100.3486328125
61.538,97.38864135742188
61.475,102.67425537109375
63.291,100.23507690429688
65.147,100.44122314453125
68.65,101.54731750488281
70.423,101.37567138671875
73.61,102.20274353027344
75.758,98.49872589111328
70.588,101.14862060546875
67.189,100.89610290527344
61.26,104.67749786376953
60.345,103.23616027832031
61.404,104.30996704101562
62.057,112.39596557617188
66.445,115.13021087646484
71.885,116.95442962646484
74.834,115.91505432128906
74.917,113.02325439453125
72.894,112.96019744873047
72.202,107.28303527832031
74.668,109.2097396850586
76.844,114.15130615234375
79.318,110.05683898925781
81.699,109.94923400878906
82.69,110.36976623535156
81.818,108.34768676757812
78.782,106.32060241699219
77.081,114.725341796875
74.917,114.75492095947266
74.176,114.34132385253906
72.894,121.1353759765625
72.993,112.84477233886719
74.176,111.30081176757812
72.659,117.03225708007812
68.493,119.10789489746094
65.574,116.69271850585938
67.873,113.34992980957031
71.77,106.32261657714844
70.671,102.64447784423828
69.804,103.82830810546875
67.568,106.1933822631836
71.732,110.00642395019531
75.673,108.66704559326172
80.645,109.03396606445312
84.364,107.97792053222656
88.443,113.19164276123047
88.235,115.8454818725586
87.822,120.86279296875
86.117,118.59716796875
84.702,113.00202178955078
85.131,113.72161102294922
85.131,109.3429946899414
86.009,109.2078857421875
89.577,111.89823150634766
92.308,113.94587707519531
95.44,115.00196838378906
98.485,113.87617492675781
100.897,111.9992446899414
101.925,113.24720001220703
100.0,116.4957504272461
96.266,115.52014923095703
93.458,117.9630355834961
91.931,110.06221008300781
92.975,108.17581939697266
94.439,110.8253173828125
95.819,106.24281311035156
94.394,109.04761505126953
90.361,105.06422424316406
70.239,107.84192657470703
69.686,112.92898559570312
69.686,111.17992401123047
68.493,109.02448272705078
66.288,109.23230743408203
65.217,107.03958129882812
64.655,111.09395599365234
63.898,104.49037170410156
64.725,101.50901794433594
64.417,95.19759368896484
64.655,91.52204895019531
64.378,92.04353332519531
63.158,91.52488708496094
63.025,93.26602935791016
62.176,92.74691772460938
61.692,95.99532318115234
61.692,93.98115539550781
61.837,97.50604248046875
62.5,98.94270324707031
61.547,101.36708068847656
60.834,107.47675323486328
60.624,110.87641906738281
61.547,109.45413970947266
62.278,103.18531799316406
64.935,97.40824127197266
66.298,99.10478210449219
68.337,110.91510009765625
70.903,111.51713562011719
71.942,118.54313659667969
71.259,120.96879577636719
69.804,111.69441223144531
67.568,108.08570861816406
67.72,109.07142639160156
67.189,111.78067016601562
68.571,116.62641143798828
69.284,116.50679016113281
70.755,113.22076416015625
70.829,111.33423614501953
70.34,115.81546020507812
69.686,116.29621887207031
69.364,116.23726654052734
69.444,115.31197357177734
69.767,110.5704574584961
70.755,111.0248031616211
71.174,108.15850830078125
71.58,109.06330871582031
70.903,109.60939025878906
69.204,110.3653793334961
67.95,113.17182922363281
66.288,107.42572021484375
65.646,105.60977935791016
65.431,102.99629974365234
65.217,94.64848327636719
66.54,93.7981948852539
68.027,90.48005676269531
68.729,94.44937896728516
69.124,103.10713958740234
68.32,108.88103485107422
67.72,111.47148895263672
67.039,114.32176208496094
67.644,115.68911743164062
67.222,115.78229522705078
68.027,112.64794921875
69.124,104.58604431152344
71.203,104.11964416503906
74.534,104.29097747802734
75.251,108.0448989868164
74.668,107.28009033203125
73.932,104.69956970214844
73.21,100.64311981201172
74.586,105.62373352050781
75.335,110.08834838867188
76.099,124.2426986694336
75.167,124.21238708496094
73.37,122.5603256225586
72.347,120.29942321777344
72.894,113.64981842041016
74.339,118.27577209472656
77.408,120.11672973632812
79.365,120.5945816040039
80.453,118.43962097167969
81.081,112.57835388183594
81.699,104.49584197998047
82.117,101.74481964111328
81.967,107.76288604736328
80.906,109.16677856445312
79.505,109.42298889160156
78.616,106.42623901367188
78.782,104.25942993164062
81.522,104.59257507324219
84.356,103.0157470703125
88.901,104.61241912841797
92.593,104.23196411132812
94.828,106.0771255493164
95.376,112.3199691772461
95.339,110.74302673339844
95.745,112.86158752441406
96.878,116.41230010986328
98.485,115.99056243896484
100.446,119.9939193725586
101.237,124.89454650878906
100.932,123.63887786865234
99.448,122.89362335205078
97.614,118.89482879638672
95.541,116.75047302246094
93.644,119.33369445800781
92.282,124.93888092041016
92.282,122.90254211425781
91.667,117.6810531616211
90.959,111.10614013671875
89.967,113.39962768554688
89.577,111.78721618652344
89.674,115.1705551147461
90.361,116.91083526611328
90.859,111.12713623046875
90.659,110.33663940429688
90.759,109.2735595703125
89.967,109.02815246582031
88.424,107.93919372558594
86.934,109.49956512451172
85.759,109.43022155761719
85.492,107.01231384277344
85.714,109.62370300292969
84.938,115.15425872802734
83.612,115.95140075683594
81.13,118.39849853515625
79.114,112.66770935058594
77.24,106.638671875
76.444,106.76286315917969
76.609,102.63166809082031
75.928,98.64714050292969
75.843,104.02133178710938
75.928,107.60809326171875
75.588,113.35757446289062
76.185,117.26325225830078
76.444,123.69977569580078
76.271,120.01876068115234
76.923,124.04994201660156
77.765,127.74405670166016
79.693,135.42605590820312
82.057,137.0265655517578
82.873,140.20782470703125
84.356,146.5157928466797
85.67,143.03762817382812
86.605,136.3202667236328
87.209,135.7494659423828
85.616,122.67062377929688
85.616,112.96249389648438
87.766,115.39166259765625
90.461,119.62958526611328
94.142,121.47505187988281
96.567,121.27201843261719
98.684,117.90654754638672
100.206,120.98086547851562
102.506,125.42251586914062
106.094,128.3644561767578
109.261,131.69522094726562
113.147,131.79605102539062
115.031,136.9285430908203
116.46,139.54376220703125
117.801,142.71327209472656
119.048,140.70596313476562
120.579,135.45689392089844
122.15,134.558349609375
125.139,133.359130859375
125.418,141.18438720703125
125.654,141.03477478027344
125.786,135.81204223632812
125.523,123.1994400024414
124.74,119.47579193115234
124.585,118.94454956054688
124.723,121.02362823486328
123.967,120.26119995117188
124.74,121.84979248046875
125.13,120.33088684082031
125.261,118.0242919921875
125.98,123.44692993164062
126.716,125.05481719970703
127.389,126.76509857177734
128.342,128.36720275878906
129.837,132.7626953125
131.723,133.2127227783203
133.929,140.316650390625
135.494,135.124267578125
137.392,134.14915466308594
138.32,130.70767211914062
139.344,135.7270050048828
140.187,140.6638946533203
140.625,138.7505645751953
140.728,136.82662963867188
140.625,128.51939392089844
140.479,129.24729919433594
140.264,128.2928009033203
140.187,129.6980438232422
140.625,132.3164520263672
141.509,131.5589599609375
142.458,132.69754028320312
143.312,129.83287048339844
143.464,130.1717071533203
143.923,130.11495971679688
144.077,133.28387451171875
144.67,132.42337036132812
145.161,127.8575439453125
145.318,124.94671630859375
145.474,119.26399230957031
145.161,123.55136108398438
144.231,124.0575180053711
142.857,124.34561157226562
141.361,123.9952163696289
140.187,124.47240447998047
139.497,127.03282165527344
139.175,134.55828857421875
138.604,138.43775939941406
138.137,143.7280731201172
138.037,136.77297973632812
137.689,139.58135986328125
138.137,140.15444946289062
138.889,150.943359375
139.344,163.5062255859375
139.319,164.6666259765625
138.436,161.66244506835938
134.921,150.37826538085938
131.173,139.26321411132812
128.068,127.58332824707031
126.183,133.72047424316406
125.0,143.44097900390625
124.447,147.90342712402344
122.283,155.79440307617188
120.838,156.6195068359375
120.192,149.6612548828125
120.192,141.5039825439453
120.064,135.13314819335938
119.681,134.4623565673828
119.681,138.2611083984375
117.801,137.8904571533203
115.622,132.87403869628906
115.86,120.0599136352539
117.925,117.93836212158203
122.283,122.2272720336914
129.442,127.54364013671875
130.011,128.1567840576172
131.308,126.76023864746094
132.813,128.65638732910156
134.778,129.905029296875
136.803,135.34527587890625
139.65,142.35565185546875
141.956,144.4929962158203
144.54,151.05413818359375
146.454,146.68812561035156
147.516,139.3068389892578
147.668,137.2754669189453
146.907,128.80267333984375
146.605,134.10647583007812
145.318,132.84091186523438
143.923,133.8243865966797
142.255,127.7435302734375
140.419,129.06834411621094
139.175,130.18209838867188
139.319,128.0795440673828
139.65,126.90235900878906
140.772,120.3344955444336
141.807,122.15782165527344
142.405,120.25977325439453
143.008,125.91947174072266
144.231,131.77333068847656
145.161,129.83460998535156
144.231,130.234619140625
143.216,123.55471801757812
141.956,126.15536499023438
140.625,125.49617004394531
140.041,126.46753692626953
139.04,128.02606201171875
137.195,129.2548828125
134.636,126.70893096923828
132.743,123.39231872558594
130.502,118.39899444580078
127.932,116.6363296508789
125.654,117.71678924560547
123.33,116.49755859375
120.321,120.02462005615234
118.644,122.47796630859375
110.544,112.0810546875
109.551,113.6182632446289
110.063,115.1207275390625
110.169,113.63626098632812
109.375,111.7073974609375
108.583,111.10255432128906
107.973,108.01045227050781
111.465,118.98072814941406
117.925,141.22000122070312
123.22,159.2218780517578
129.705,178.758544921875
130.769,186.54180908203125
131.148,175.6830596923828
131.443,164.35125732421875
131.291,144.870849609375
132.674,131.367431640625
134.778,132.85247802734375
138.286,142.5978240966797
142.857,159.40928649902344
147.059,176.62451171875
149.842,171.25479125976562
152.244,156.32846069335938
154.004,138.20542907714844
156.25,123.7459716796875
158.73,132.77125549316406
160.944,139.92539978027344
162.69,150.8323211669922
163.721,150.12960815429688
164.294,154.18612670898438
164.749,164.99118041992188
165.268,167.41799926757812
165.094,171.38851928710938
164.921,167.90359497070312
164.474,163.00465393066406
163.934,155.0781707763672
163.892,154.42697143554688
163.043,143.7724609375
159.218,139.3017120361328
160.878,152.57957458496094
160.428,166.0263214111328
160.55,171.87261962890625
160.428,175.28956604003906
159.915,164.22251892089844
159.574,151.2849884033203
159.753,143.51312255859375
160.944,146.12168884277344
162.707,139.526123046875
164.474,133.1920623779297
166.139,123.40129089355469
167.173,123.82635498046875
168.269,124.96676635742188
168.269,124.99052429199219
168.196,126.95415496826172
168.269,130.257080078125
168.449,131.0943603515625
168.81,129.2930450439453
169.492,119.78338623046875
169.231,118.47450256347656
168.63,118.53946685791016
167.553,121.55249786376953
166.667,125.95311737060547
166.139,127.88591766357422
165.268,130.55645751953125
164.921,127.36274719238281
163.892,126.7004623413086
162.707,125.09407806396484
161.208,121.96101379394531
160.256,116.52237701416016
159.736,116.34073638916016
158.395,117.52780151367188
156.74,121.7075424194336
155.119,123.93138122558594
153.888,126.71528625488281
153.888,134.63565063476562
153.722,134.92884826660156
153.391,135.12840270996094
153.374,135.43881225585938
153.846,133.37222290039062
154.799,128.34365844726562
159.067,128.18771362304688
158.061,124.16983032226562
159.405,119.823974609375
160.772,118.098876953125
161.373,119.5389404296875
161.987,120.6993637084961
161.538,119.52857208251953
160.085,123.01608276367188
158.395,121.79724884033203
156.904,120.43510437011719
156.413,116.86294555664062
156.25,115.46330261230469
154.639,114.75799560546875
151.822,123.14612579345703
149.007,121.77996826171875
147.864,120.81320190429688
149.059,120.47067260742188
151.113,113.31586456298828
153.226,113.0714111328125
155.06,114.05310821533203
156.079,118.94258880615234
156.576,116.45852661132812
155.925,114.5525131225586
155.119,111.65739440917969
154.799,106.66697692871094
154.555,108.14076232910156
156.413,109.34331512451172
155.908,108.52549743652344
156.079,112.73310089111328
156.422,125.03394317626953
156.079,130.7061309814453
154.891,133.7101593017578
154.054,129.5443115234375
154.799,124.54883575439453
156.576,127.68461608886719
159.091,133.0353240966797
161.117,137.6846466064453
161.464,139.2745361328125
161.208,140.8778076171875
161.29,142.98681640625
161.704,144.608154296875
162.707,148.03492736816406
163.892,135.77090454101562
164.749,135.53749084472656
165.789,130.6254425048828
166.667,128.72576904296875
167.375,127.43607330322266
167.732,128.74478149414062
167.732,127.64002227783203
167.343,127.68621063232422
167.02,125.59255981445312
167.02,124.89308166503906
167.197,128.5202178955078
168.09,125.7739028930664
168.539,123.3819808959961
168.63,117.75250244140625
168.712,116.75949096679688
168.991,118.02623748779297
169.355,117.20326232910156
169.928,128.3108673095703
171.162,132.20291137695312
172.234,137.77574157714844
172.775,142.49874877929688
172.414,134.89791870117188
171.518,130.7962188720703
170.824,130.49049377441406
170.455,136.68801879882812
170.279,139.9815673828125
169.903,142.26121520996094
169.579,140.29415893554688
169.057,133.39500427246094
168.919,129.9439239501953
168.63,123.23802185058594
101.036,131.44105529785156
101.58,137.71652221679688
101.987,141.29385375976562
102.389,141.5338134765625
109.428,142.0622100830078
113.391,137.51947021484375
116.796,133.94000244140625
119.427,122.15853881835938
122.449,123.09423828125
124.481,110.79325103759766
125.0,112.85002899169922
124.224,117.75997924804688
122.683,117.4130859375
121.753,121.6513900756836
121.885,122.83837890625
119.808,119.7213363647461
117.066,120.1500015258789
115.005,120.02519226074219
114.629,117.97062683105469
116.796,126.02808380126953
117.318,135.49081420898438
112.839,139.425537109375
109.261,143.7880401611328
106.816,149.00509643554688
107.143,154.76048278808594
110.294,165.64503479003906
112.299,168.4049530029297
114.007,166.6025390625
115.385,149.09530639648438
118.048,146.1241455078125
118.172,149.2528533935547
118.297,150.93365478515625
118.297,150.75706481933594
118.172,150.9692840576172
120.321,141.24478149414062
122.416,144.68930053710938
122.951,145.60110473632812
126.05,141.796630859375
128.48,144.17478942871094
131.715,136.62420654296875
135.064,136.30406188964844
139.65,127.92781066894531
143.617,124.19071197509766
147.219,122.68214416503906
147.975,122.79401397705078
147.363,125.23703002929688
145.26,121.11647033691406
143.16,120.77674102783203
142.105,121.60206604003906
141.956,129.84130859375
142.105,133.406982421875
142.706,143.534912109375
140.772,145.2545166015625
138.587,146.7152862548828
134.778,152.95343017578125
131.988,148.38250732421875
131.148,144.64041137695312
129.705,136.30918884277344
129.032,134.25706481933594
126.547,129.1474151611328
123.839,124.89999389648438
123.355,128.66770935058594
124.172,130.11004638671875
126.984,136.93948364257812
129.59,140.70809936523438
131.579,141.96658325195312
133.788,140.1273651123047
136.803,132.93682861328125
139.175,125.92154693603516
139.956,126.49546813964844
139.463,127.65489196777344
139.175,122.61097717285156
138.436,121.01882934570312
137.475,117.71527099609375
135.783,119.20277404785156
133.779,117.06187438964844
132.813,125.93792724609375
130.577,133.73941040039062
126.716,135.34417724609375
122.2,140.58016967773438
117.555,125.00373077392578
116.701,114.83594512939453
118.297,119.87993621826172
114.88,119.5179672241211
110.169,125.54499816894531
106.674,139.1326904296875
105.292,142.31195068359375
107.735,144.5491180419922
110.876,146.1747589111328
112.903,143.41098022460938
114.13,149.41775512695312
113.759,157.6454315185547
111.702,158.083740234375
110.643,156.44407653808594
110.294,152.29122924804688
107.497,140.5752716064453
106.441,132.9865264892578
105.178,130.0814208984375
105.386,127.4088363647461
105.978,124.51472473144531
105.634,119.13370513916016
112.179,125.119140625
115.639,125.87127685546875
118.922,128.63929748535156
122.574,128.47369384765625
124.352,133.9429473876953
125.261,134.4769744873047
125.523,128.41310119628906
124.861,123.98417663574219
124.861,121.59947204589844
125.261,119.35530090332031
125.786,120.78523254394531
126.449,114.40542602539062
126.05,112.58787536621094
125.139,112.38014221191406
123.355,115.75875854492188
121.49,117.23323059082031
120.064,116.45526885986328
119.808,119.41145324707031
120.838,118.2547607421875
122.699,123.09913635253906
124.87,122.38047790527344
126.984,124.21307373046875
128.788,123.85779571533203
129.31,127.59970092773438
128.617,131.8146514892578
127.389,132.5270233154297
125.558,133.7191619873047
124.309,127.99079895019531
123.584,123.31704711914062
123.33,117.16696166992188
123.711,117.95821380615234
124.585,120.47061157226562
125.698,126.3008804321289
127.389,125.01781463623047
129.45,127.1561279296875
131.715,127.00662231445312
133.788,130.56387329101562
135.638,133.65017700195312
136.95,137.62416076660156
138.436,138.46875
139.752,138.8325653076172
141.361,136.05050659179688
142.405,133.0138397216797
143.008,132.08543395996094
142.857,134.61727905273438
141.956,133.31971740722656
141.509,140.8480987548828
140.919,143.83729553222656
141.509,141.73526000976562
142.105,140.06201171875
142.255,135.59979248046875
142.105,135.3774871826172
141.658,135.224853515625
141.509,131.893798828125
141.807,130.84933471679688
141.807,131.5877227783203
141.066,130.6211700439453
139.65,129.21221923828125
138.604,130.65151977539062
138.587,130.4893035888672
139.04,123.98070526123047
139.896,129.31544494628906
140.479,130.33010864257812
140.573,130.98468017578125
141.213,127.72370910644531
141.509,124.60980987548828
141.824,122.07623291015625
141.807,123.2328109741211
141.361,123.31800842285156
140.419,126.31744384765625
139.607,120.46110534667969
139.032,121.20804595947266
138.436,122.10245513916016
138.037,121.56341552734375
137.392,125.6514892578125
137.097,128.3807373046875
137.335,126.76136779785156
137.987,127.15702819824219
138.462,128.09054565429688
138.746,126.0425796508789
138.436,128.70120239257812
138.32,133.38487243652344
138.587,134.0148162841797
138.738,137.31878662109375
138.462,138.37042236328125
137.392,132.6741943359375
135.783,133.9439697265625
133.929,129.01998901367188
133.038,127.8331527709961
133.09,128.25955200195312
133.038,129.92025756835938
131.988,133.9781951904297
131.579,142.27882385253906
131.291,146.92095947265625
131.851,145.03919982910156
132.013,140.9563751220703
131.579,128.6072998046875
131.443,123.75462341308594
131.004,123.00802612304688
130.368,127.23483276367188
130.577,128.85662841796875
130.577,134.9248504638672
130.235,134.12579345703125
130.011,134.2383270263672
131.004,131.7292938232422
132.261,132.2433624267578
135.207,135.6514434814453
135.928,131.85125732421875
139.65,130.77064514160156
141.956,128.41514587402344
143.16,123.91691589355469
143.008,125.24014282226562
141.361,124.82107543945312
139.319,123.83879852294922
138.286,130.4630584716797
138.604,135.38201904296875
140.187,153.50599670410156
141.353,161.47987365722656
142.105,167.26043701171875
142.706,170.23550415039062
142.105,161.36257934570312
141.361,160.0923614501953
140.187,160.4713897705078
139.192,159.41714477539062
137.987,163.52455139160156
137.475,154.1026611328125
136.656,151.03875732421875
136.073,144.3280029296875
135.287,138.30850219726562
133.929,138.30287170410156
132.399,128.73226928710938
130.862,123.4258041381836
130.102,120.40129089355469
130.862,126.65972900390625
131.868,126.60685729980469
134.494,126.45886993408203
137.54,125.93824005126953
139.607,130.82899475097656
141.956,131.6549835205078
144.077,136.31407165527344
145.318,133.6599578857422
145.946,130.1654815673828
146.004,130.98170471191406
145.855,132.01901245117188
145.706,134.03089904785156
145.318,134.36184692382812
144.695,125.11392211914062
144.385,125.17330169677734
144.695,128.58209228515625
144.817,129.7934112548828
144.67,131.6599578857422
144.231,135.03695678710938
142.706,127.98705291748047
140.919,126.877685546875
139.65,134.80267333984375
139.032,133.22300720214844
139.463,139.49127197265625
72.816,102.86874389648438
73.35,102.88941955566406
73.171,102.38931274414062
70.021,97.65547180175781
67.873,99.54371643066406
67.114,103.11115264892578
64.655,105.28521728515625
64.655,105.12564086914062
66.225,103.99777221679688
66.815,98.22103881835938
68.259,96.06536865234375
67.265,104.23722839355469
66.225,111.11241149902344
66.964,115.98851013183594
68.729,119.68848419189453
73.37,115.72931671142578
77.408,109.96227264404297
79.693,111.16734313964844
80.3,112.71607971191406
79.618,114.3106689453125
79.505,118.03952026367188
81.13,122.32461547851562
81.61,122.15906524658203
80.935,119.72897338867188
80.128,118.36979675292969
78.864,117.34867858886719
78.306,118.99186706542969
77.143,122.1602783203125
75.503,119.56120300292969
72.659,122.24044799804688
71.885,121.80322265625
71.174,119.96222686767578
70.829,121.92269897460938
71.09,118.10199737548828
72.038,111.53279876708984
73.052,117.0350570678711
75.503,122.94464874267578
79.197,127.27928161621094
84.459,134.81788635253906
88.424,130.35018920898438
90.361,123.67318725585938
89.577,117.66380310058594
88.235,116.55460357666016
85.421,111.64628601074219
84.555,116.57392120361328
86.207,122.60883331298828
88.424,121.27128601074219
91.362,125.8185043334961
94.044,127.78758239746094
95.037,122.4259033203125
95.238,126.025146484375
95.486,121.19546508789062
97.087,118.12939453125
99.01,119.50878143310547
101.457,118.03416442871094
102.416,119.03471374511719
102.389,116.55508422851562
102.308,116.97331237792969
100.223,114.76336669921875
99.01,116.94678497314453
99.287,119.26493835449219
99.778,124.54984283447266
102.957,123.54105377197266
105.292,121.52479553222656
106.209,119.81290435791016
105.405,121.73876953125
102.273,122.08042907714844
100.206,123.44168090820312
98.468,126.11746978759766
96.878,123.93954467773438
95.745,127.97103881835938
90.859,125.84886169433594
88.047,125.15807342529297
87.302,120.44696807861328
88.614,117.09725952148438
90.066,118.62046813964844
89.093,122.80398559570312
88.71,131.81222534179688
88.424,134.17295837402344
91.565,139.97409057617188
95.156,137.9084014892578
95.93,132.56048583984375
96.257,129.1968994140625
94.394,118.80421447753906
90.859,115.0308837890625
87.58,122.99967956542969
83.987,121.83856964111328
83.841,124.2852783203125
80.043,125.01039123535156
76.271,118.93343353271484
71.856,113.22782897949219
68.493,113.86319732666016
76.531,111.41569519042969
86.207,117.07952880859375
93.361,123.98114013671875
99.119,125.72334289550781
100.412,131.12646484375
97.933,136.95814514160156
96.463,137.6414031982422
96.878,143.51727294921875
98.253,139.05393981933594
100.784,127.76034545898438
101.925,127.29022979736328
101.668,120.6126708984375
100.111,122.94699096679688
98.576,123.128173828125
98.286,121.24788665771484
99.668,121.6897201538086
103.175,122.81109619140625
105.863,126.41242980957031
108.454,132.13064575195312
108.696,135.54574584960938
108.093,140.66921997070312
107.362,140.68572998046875
106.557,134.7638702392578
106.908,128.51034545898438
106.791,130.3827667236328
106.557,125.62147521972656
105.748,122.88731384277344
105.292,122.34839630126953
105.634,115.84552001953125
106.791,113.07205200195312
109.948,112.86991882324219
111.94,120.1107406616211
112.847,125.87150573730469
112.299,131.80783081054688
111.94,138.65159606933594
112.661,136.16171264648438
114.379,139.75961303710938
116.339,140.05276489257812
117.188,138.23660278320312
116.796,140.68356323242188
115.031,140.2864990234375
119.554,146.4202117919922
123.626,147.4691925048828
125.558,147.5504608154297
126.263,152.6868438720703
125.523,140.8986358642578
124.352,146.45004272460938
123.077,148.95668029785156
121.581,146.47776794433594
120.064,152.60235595703125
119.554,147.1359100341797
118.51,143.23892211914062
118.11,143.49903869628906
118.644,133.3740234375
120.064,129.86795043945312
122.324,131.02587890625
123.967,134.34347534179688
125.558,132.88233947753906
126.984,138.51699829101562
128.48,139.470458984375
130.435,142.7682647705078
132.951,144.4660186767578
135.783,141.43447875976562
137.392,136.9673614501953
139.175,135.10166931152344
140.919,130.4852294921875
142.857,130.53024291992188
144.523,128.09530639648438
145.788,139.095458984375
146.58,142.24217224121094
146.421,144.64498901367188
145.946,142.6593780517578
145.26,136.41920471191406
144.817,141.1826171875
144.54,141.13800048828125
144.54,148.66139221191406
144.231,147.90914916992188
144.077,142.95973205566406
143.77,141.19195556640625
143.464,140.50025939941406
143.617,142.2736358642578
143.312,135.22732543945312
142.706,133.96826171875
141.658,130.22677612304688
140.333,129.1706085205078
139.752,128.34779357910156
139.192,127.24613189697266
139.319,125.20117950439453
138.738,127.32495880126953
137.392,125.97517395019531
137.056,127.30693817138672
137.244,126.55970001220703
139.032,137.3619842529297
141.066,151.51158142089844
142.405,156.1742706298828
143.312,162.34042358398438
143.464,154.0709228515625
143.923,155.18991088867188
144.077,163.90316772460938
144.817,175.14825439453125
145.112,178.6267852783203
144.695,171.32460021972656
143.464,153.7640380859375
141.956,141.07272338867188
141.353,134.3076629638672
141.658,132.98548889160156
141.066,133.9553985595703
140.728,129.09805297851562
140.333,130.9053497314453
139.752,134.3504638671875
139.65,133.923583984375
139.65,135.7055206298828
140.041,136.63722229003906
139.497,133.29600524902344
138.746,130.98666381835938
137.244,131.71026611328125
136.218,129.5757598876953
136.089,129.291259765625
136.656,134.379638671875
138.178,126.57677459716797
139.896,121.04513549804688
142.255,134.11061096191406
144.385,136.54360961914062
147.059,142.24671936035156
149.528,147.24795532226562
151.274,137.8636932373047
150.167,137.67779541015625
146.739,133.53317260742188
143.16,126.0838623046875
141.213,115.67381286621094
142.105,110.62720489501953
144.385,112.45370483398438
146.421,117.894775390625
146.899,121.77940368652344
146.454,124.13548278808594
145.855,123.00753784179688
145.557,120.61722564697266
145.557,116.73336029052734
145.788,114.91148376464844
145.788,114.60768127441406
145.631,116.92249298095703
144.385,123.81365966796875
142.405,124.47946166992188
139.752,126.96502685546875
137.615,130.60638427734375
136.803,130.36038208007812
138.32,136.40591430664062
140.919,136.6674041748047
143.77,135.50608825683594
146.304,138.54403686523438
148.592,135.16012573242188
150.794,137.60133361816406
152.57,139.9440155029297
154.221,135.2958221435547
155.925,138.81048583984375
157.729,142.2383575439453
158.395,144.71383666992188
159.236,153.97579956054688
159.067,151.930908203125
158.228,154.0228729248047
158.228,152.9097137451172
158.061,142.77395629882812
159.067,143.35531616210938
159.915,142.89828491210938
160.387,131.19854736328125
160.6,135.01571655273438
160.428,139.64443969726562
160.714,143.1458282470703
160.944,139.38421630859375
161.704,140.0416717529297
162.371,133.51036071777344
163.551,122.04960632324219
164.749,126.08182525634766
165.615,125.83711242675781
165.441,136.39108276367188
164.577,144.97344970703125
163.892,141.8507843017578
163.551,142.3306884765625
163.892,129.69528198242188
164.577,127.48374938964844
164.921,143.6950225830078
165.268,152.3203582763672
129.705,157.2174072265625
127.389,142.88487243652344
128.894,140.7246856689453
130.635,124.77985382080078
133.185,135.78781127929688
135.638,142.3971710205078
137.195,150.48753356933594
137.689,147.49058532714844
136.778,138.98983764648438
135.35,130.04466247558594
133.929,135.043212890625
133.09,140.3287353515625
132.304,143.79428100585938
131.851,136.94903564453125
131.308,127.81294250488281
130.862,125.2461929321289
129.837,126.23627471923828
128.617,126.87516784667969
127.253,124.61553955078125
125.918,122.06062316894531
125.278,122.95925903320312
125.392,122.99024963378906
125.523,125.32930755615234
125.0,123.21004486083984
123.457,118.18211364746094
122.017,120.53760528564453
121.622,120.75106048583984
121.098,123.42047882080078
120.708,123.75970458984375
119.681,122.00590515136719
118.297,120.12572479248047
118.172,116.73811340332031
118.796,116.65247344970703
120.708,120.92585754394531
122.549,116.35627746582031
124.861,118.67481994628906
127.524,120.51133728027344
129.87,125.98057556152344
131.851,130.06094360351562
133.09,135.86895751953125
133.929,141.97735595703125
133.368,135.70431518554688
132.304,140.93142700195312
130.235,143.72084045410156
127.66,139.18661499023438
125.392,134.65509033203125
123.457,132.22579956054688
122.283,129.5849609375
121.49,127.31033325195312
121.228,129.37364196777344
120.579,131.1920623779297
120.192,129.3910369873047
120.321,131.38018798828125
120.708,131.06906127929688
121.622,138.8978729248047
122.15,140.34889221191406
122.283,142.06637573242188
122.283,138.22352600097656
121.622,132.65750122070312
120.579,131.34739685058594
120.064,133.02935791015625
119.936,138.682861328125
119.554,142.83103942871094
118.546,141.53890991210938
117.678,139.35264587402344
117.555,136.62637329101562
118.048,133.1027374267578
117.801,133.18931579589844
116.701,131.8719940185547
115.385,129.2766876220703
113.147,128.40542602539062
112.903,123.6749267578125
113.269,116.85774230957031
113.025,118.89249420166016
113.759,123.41513061523438
113.636,129.59494018554688
114.13,136.6956787109375
115.894,137.0399169921875
117.432,144.3661346435547
119.183,143.41925048828125
119.808,140.01943969726562
121.228,140.6281280517578
122.549,137.4562225341797
123.584,134.1446533203125
124.224,132.3668670654297
124.095,128.76571655273438
123.967,133.350830078125
123.762,137.99549865722656
123.491,138.5545654296875
123.491,139.095703125
123.899,139.10061645507812
125.523,142.46044921875
127.932,147.650634765625
129.969,154.96788024902344
132.304,153.41502380371094
134.921,159.0988006591797
136.95,161.26922607421875
140.11,155.47085571289062
142.555,155.08941650390625
144.695,149.74591064453125
146.262,145.77833557128906
146.756,143.19522094726562
146.605,141.4969024658203
146.454,137.31259155273438
145.946,133.5286102294922
144.85,130.05117797851562
142.857,134.71519470214844
140.573,138.93515014648438
138.137,142.07151794433594
136.803,145.71107482910156
135.928,148.72006225585938
135.678,147.16580200195312
135.638,142.30564880371094
135.815,142.289306640625
135.638,138.6656494140625
134.831,135.45809936523438
133.648,130.11492919921875
132.89,129.98947143554688
132.674,126.1051254272461
133.185,129.3323974609375
133.648,134.39230346679688
86.934,96.26590728759766
88.997,96.18472290039062
90.263,98.91764068603516
90.759,103.4241943359375
90.959,106.8741226196289
91.06,110.18205261230469
91.261,110.87739562988281
91.667,113.49771118164062
91.769,115.76484680175781
91.463,115.20329284667969
90.659,114.34846496582031
90.263,106.99952697753906
90.461,111.11976623535156
91.16,106.38809204101562
92.076,101.854736328125
92.489,106.38771057128906
92.489,105.15586853027344
92.282,109.81486511230469
92.308,115.77828216552734
92.497,116.71519470214844
92.688,115.39220428466797
92.497,112.03282165527344
91.871,112.10835266113281
90.959,111.40984344482422
90.164,111.64824676513672
89.869,117.32122802734375
90.263,110.79299926757812
90.164,106.2293472290039
90.066,103.92214965820312
88.901,106.1691665649414
87.302,111.00503540039062
85.911,114.70767211914062
85.034,116.02775573730469
84.27,116.53843688964844
83.799,121.99826049804688
83.671,121.78937530517578
83.333,118.22354125976562
83.056,111.9048843383789
82.873,106.98281860351562
83.056,109.2794189453125
83.333,110.6799545288086
83.987,119.16606903076172
84.081,117.31455993652344
83.893,116.26612091064453
84.012,116.0804214477539
84.442,113.00971221923828
85.227,111.76345825195312
85.911,113.48636627197266
85.812,112.72471618652344
84.938,111.38568115234375
84.356,111.68736267089844
84.356,109.64476013183594
85.848,108.2318115234375
87.108,111.90757751464844
88.235,105.87042999267578
87.413,102.23079681396484
85.616,108.16309356689453
84.364,107.94534301757812
84.184,109.25816345214844
84.364,112.0689697265625
85.519,111.66674041748047
85.812,120.37220001220703
86.906,123.29139709472656
86.569,125.9878921508789
84.964,120.62474822998047
83.241,116.10130310058594
81.61,109.97298431396484
81.257,108.20804595947266
81.433,107.8460693359375
81.788,104.10922241210938
81.433,100.86011505126953
80.645,94.4439697265625
80.262,100.86605834960938
79.957,107.26244354248047
80.043,114.19254302978516
80.453,122.57210540771484
80.994,121.58149719238281
82.237,113.26671600341797
83.149,112.60736083984375
84.012,108.93174743652344
84.555,104.42406463623047
84.842,107.14960479736328
84.175,103.03765869140625
83.426,94.44144439697266
82.69,100.74696350097656
81.967,86.59657287597656
81.788,94.61906433105469
82.508,101.45085906982422
83.756,103.0191879272461
85.759,102.78134155273438
87.311,99.63345336914062
86.505,92.49969482421875
84.555,87.96151733398438
82.508,89.10626220703125
81.522,91.44528198242188
81.967,93.50232696533203
82.317,89.48432159423828
83.241,90.99380493164062
83.927,93.48663330078125
85.052,96.2264175415039
